{
    "miniprogramRoot": "miniprogram/",
    "pluginRoot": "plugin/",
    "compileType": "plugin",
    "appid": "wxa9abf43f10a7bdb0",
    "projectname": "build-weapp-plugin",
    "description": "",
    "setting": {
        "urlCheck": true,
        "es6": false,
        "enhance": true,
        "postcss": false,
        "preloadBackgroundData": false,
        "minified": false,
        "newFeature": true,
        "coverView": true,
        "nodeModules": false,
        "autoAudits": false,
        "showShadowRootInWxmlPanel": true,
        "scopeDataCheck": false,
        "uglifyFileName": false,
        "checkInvalidKey": true,
        "checkSiteMap": true,
        "uploadWithSourceMap": true,
        "compileHotReLoad": false,
        "lazyloadPlaceholderEnable": false,
        "useMultiFrameRuntime": true,
        "useApiHook": true,
        "useApiHostProcess": true,
        "babelSetting": {
            "ignore": [],
            "disablePlugins": [],
            "outputPath": ""
        },
        "enableEngineNative": false,
        "useIsolateContext": false,
        "userConfirmedBundleSwitch": false,
        "packNpmManually": false,
        "packNpmRelationList": [],
        "minifyWXSS": true,
        "disableUseStrict": false,
        "showES6CompileOption": false,
        "useCompilerPlugins": false,
        "minifyWXML": true
    },
    "condition": {}
}
